{
    "rmse": 165.52913995278521,
    "mae": 129.53951712720004,
    "r2": 0.2045682696532103
}