{
    "rmse": 165.63552809509096,
    "mae": 129.52195811644,
    "r2": 0.20354546848494925
}